"Status","Start Time","Stop Time","Duration in ms","Parent Suite","Suite","Sub Suite","Test Class","Test Method","Name","Description"
"passed","Mon May 04 23:42:17 UTC 2026","Mon May 04 23:42:18 UTC 2026","936","tests.api.accounts","test_accounts_contacts","TestAccountsContacts","","","GET /accounts/contacts with searchText filter → 200/206","
    /accounts/contacts
    "
"passed","Mon May 04 23:44:35 UTC 2026","Mon May 04 23:44:35 UTC 2026","515","tests.api.cards","test_cards_designsettings_by_id_flow","TestCardsDesignsettingsByIdFlow","","","POST /Cards -> GET /Cards/{id}/designSettings -> DELETE /Cards/{id}","
    /Cards/{cardID}/designSettings
    "
"passed","Mon May 04 23:42:32 UTC 2026","Mon May 04 23:42:32 UTC 2026","513","tests.api.attributes","test_attributes_list","TestAttributesList","","","GET /Attributes → 200, non-empty list with valid items","
    /Attributes
    "
"passed","Mon May 04 23:47:17 UTC 2026","Mon May 04 23:47:17 UTC 2026","635","tests.api.contacts","test_contacts_flow","TestContactsFlow","","","GET /accounts/contacts returns list",""
"passed","Mon May 04 23:42:28 UTC 2026","Mon May 04 23:42:28 UTC 2026","505","tests.api.applications","test_applications_list","TestApplicationsList","","","GET /Applications returns applications list","
    /Applications
    "
"passed","Mon May 04 23:42:37 UTC 2026","Mon May 04 23:42:38 UTC 2026","523","tests.api.cards","test_card_attribute_attachments","TestCardAttributeAttachments","","","GET /cards/{id}/attributes/attachments","
    GET /cards/{id}/attributes/attachments
    "
"passed","Mon May 04 23:44:10 UTC 2026","Mon May 04 23:44:11 UTC 2026","652","tests.api.cards","test_cards_by_id_v2_flow","TestCardsByIdV2","","","POST /Cards -> GET /Cards/{id}/V2 -> DELETE /Cards/{id}","
    /Cards/{id}/V2
    "
"passed","Mon May 04 23:47:37 UTC 2026","Mon May 04 23:47:39 UTC 2026","2027","tests.e2e.contacts","test_contact_create_and_delete","TestContactCreateAndDelete","","","POST /attachments (photo) → POST contact → GET verify → DELETE","/Contacts — upload photo, create, GET verify, delete flow"
"passed","Mon May 04 23:41:50 UTC 2026","Mon May 04 23:41:52 UTC 2026","1799","tests.api.accounts","test_accounts_card_attributes_list","TestAccountsCardAttributesList","","","POST /Accounts/{id}/Cards -> GET /accounts/{id}/cards/{cardId}/attributes/ -> DELETE","
    GET /accounts/{id}/cards/{cardId}/attributes/
    "
"passed","Mon May 04 23:43:47 UTC 2026","Mon May 04 23:43:49 UTC 2026","1544","tests.api.cards","test_cardlinks_statistic_events","TestCardLinksStatisticEvents","","","POST /Cards -> PUT statisticview -> PUT statisticdownload -> DELETE /Cards/{id}","
    /cardlinks/{cardLink}/statisticview и /cardlinks/{cardLink}/statisticdownload
    "
"passed","Mon May 04 23:45:10 UTC 2026","Mon May 04 23:45:10 UTC 2026","527","tests.api.companies","test_companies_list","TestCompaniesList","","","GET /Companies returns companies list","
    /Companies
    "
"passed","Mon May 04 23:47:21 UTC 2026","Mon May 04 23:47:21 UTC 2026","887","tests.api.exports","test_exports_employment","TestExportsEmployment","","","GET /Exports/employment returns XLSX for noData=true","
    /Exports/employment
    "
"passed","Mon May 04 23:43:27 UTC 2026","Mon May 04 23:43:29 UTC 2026","1061","tests.api.cards","test_cardlinks_designsettings","TestCardLinksDesignsettings","","","POST /Cards -> GET /cardLinks/{cardLink}/designsettings -> DELETE /Cards/{id}","
    /cardLinks/{cardLink}/designsettings
    "
"passed","Mon May 04 23:44:29 UTC 2026","Mon May 04 23:44:31 UTC 2026","2423","tests.api.cards","test_cards_create_v2_flow","TestCardsCreateV2Flow","","","POST /Cards/V2.0 -> GET /Cards/{id}/V2","
    /Cards/V2.0
    "
"passed","Mon May 04 23:47:28 UTC 2026","Mon May 04 23:47:29 UTC 2026","500","tests.api.social_networks","test_social_networks_list","TestSocialNetworksList","","","GET /socialNetworks returns list","
    /socialNetworks
    "
"passed","Mon May 04 23:43:31 UTC 2026","Mon May 04 23:43:32 UTC 2026","1258","tests.api.cards","test_cardlinks_download","TestCardLinksDownload","","","POST /Cards -> GET /cardLinks/{cardLink}/card/download -> DELETE /Cards/{id}","
    /cardLinks/{cardLink}/card/download
    "
"passed","Mon May 04 23:41:48 UTC 2026","Mon May 04 23:41:50 UTC 2026","2522","tests.api.accounts","test_accounts_card_attribute_attachments","TestAccountsCardAttributeAttachments","","","POST card -> GET /accounts/{id}/cards/{cardId}/attributes/attachments -> DELETE","
    GET /accounts/{id}/cards/{cardId}/attributes/attachments
    "
"passed","Mon May 04 23:47:29 UTC 2026","Mon May 04 23:47:29 UTC 2026","539","tests.api.subscriptions","test_subscription_contacts_list","TestSubscriptionContactsList","","","GET /Subscriptions/{id}/contacts","
    GET /Subscriptions/{id}/contacts
    "
"passed","Mon May 04 23:43:10 UTC 2026","Mon May 04 23:43:12 UTC 2026","2113","tests.api.cards","test_card_link_leadgen_forms","TestCardLinkLeadGenForms","","","POST /Cards -> POST leadGenForm -> GET /Cards/{cardLinkId}/cardLink/leadGenForms -> DELETE leadGenForm -> DELETE /Cards/{id}","
    /Cards/{id}/cardLink/leadGenForms
    "
"passed","Mon May 04 23:42:54 UTC 2026","Mon May 04 23:43:01 UTC 2026","6248","tests.api.cards","test_card_leadgen_forms_custom_message_template","TestCardLeadGenFormsCustomMessageTemplate","","","POST leadGenForm with CustomMessageTemplateID -> PUT leadGenForm with another CustomMessageTemplateID","
    /Cards/{cardID}/leadGenForms
    "
"passed","Mon May 04 23:44:41 UTC 2026","Mon May 04 23:44:41 UTC 2026","621","tests.api.cards","test_cards_download_by_id_flow","TestCardsDownloadById","","","POST /Cards -> GET /Cards/{id}/download -> DELETE /Cards/{id}","
    /Cards/{id}/download
    "
"passed","Mon May 04 23:44:46 UTC 2026","Mon May 04 23:44:47 UTC 2026","649","tests.api.cards","test_cards_list","TestCardsList","","","GET /Cards returns cards list","
    Проверки списков /Cards и /Cards/v2.0.
    "
"passed","Mon May 04 23:44:22 UTC 2026","Mon May 04 23:44:24 UTC 2026","2064","tests.api.cards","test_cards_create_get_delete_flow","TestCardsCreateGetDeleteFlow","","","POST /Cards -> GET /Cards/{id} -> DELETE /Cards/{id}","
    /Cards
    "
"passed","Mon May 04 23:42:30 UTC 2026","Mon May 04 23:42:31 UTC 2026","504","tests.api.attribute_types","test_attribute_types_list","TestAttributeTypesList","","","GET /AttributeTypes returns dictionary","
    /AttributeTypes
    "
"passed","Mon May 04 23:44:46 UTC 2026","Mon May 04 23:44:46 UTC 2026","496","tests.api.cards","test_cards_lastupdate","TestCardsLastUpdate","","","GET /Cards/lastupdate returns change list","
    /Cards/lastupdate
    "
"passed","Mon May 04 23:44:13 UTC 2026","Mon May 04 23:44:16 UTC 2026","3417","tests.api.cards","test_cards_copy_flow","TestCardsCopyFlow","","","POST /Cards -> POST /cards/card/copy -> GET /Cards/v2.0 -> DELETE copied card","
    /cards/card/copy
    "
"passed","Mon May 04 23:47:25 UTC 2026","Mon May 04 23:47:25 UTC 2026","634","tests.api.onboarding_statuses","test_onboarding_statuses","TestOnboardingStatuses","","","GET /onboardingStatuses → 200, non-empty list with id and nameRu","
    /onboardingStatuses
    "
"passed","Mon May 04 23:47:25 UTC 2026","Mon May 04 23:47:26 UTC 2026","512","tests.api.powerbi_reports","test_powerbi_reports_list","TestPowerBIReportsList","","","GET /powerbireports/ -> 200/204","
    GET /powerbireports/
    "
"passed","Mon May 04 23:41:43 UTC 2026","Mon May 04 23:41:44 UTC 2026","629","tests.api.account_actions","test_account_actions_smoke","TestAccountActionsSmoke","","","015 MobileAccountNotificationSend smoke — random push_token + guid → not 5xx",""
"passed","Mon May 04 23:43:21 UTC 2026","Mon May 04 23:43:23 UTC 2026","1695","tests.api.cards","test_cardlinks_by_id","TestCardLinksById","","","GET /Cards -> GET /cardlinks/{cardLink}","
    /cardlinks/{cardLink}
    "
"passed","Mon May 04 23:41:43 UTC 2026","Mon May 04 23:41:43 UTC 2026","695","tests.api.account_actions","test_account_actions_smoke","TestAccountActionsSmoke","","","014 MobileAccountSelfRegVerification smoke — random push_token + guid → not 5xx",""
"passed","Mon May 04 23:44:37 UTC 2026","Mon May 04 23:44:39 UTC 2026","1009","tests.api.cards","test_cards_designsettings_update_flow","TestCardsDesignsettingsUpdateFlow","","","POST /Cards -> PUT /Cards/{id}/designsettings -> GET /Cards/{id}/designsettings -> DELETE /Cards/{id}","
    /Cards/{cardID}/designsettings
    "
"passed","Mon May 04 23:41:40 UTC 2026","Mon May 04 23:41:41 UTC 2026","1367","tests.api.account_actions","test_account_actions_smoke","TestAccountActionsSmoke","","","012 -> 020 smoke with actionJwt",""
"passed","Mon May 04 23:42:31 UTC 2026","Mon May 04 23:42:31 UTC 2026","514","tests.api.attributes","test_attribute_by_id","TestAttributeById","","","GET /Attributes/{id} → 200, validate model fields","
    /Attributes/{attributeID}
    "
"passed","Mon May 04 23:47:29 UTC 2026","Mon May 04 23:47:30 UTC 2026","692","tests.api.subscriptions","test_subscription_request","TestSubscriptionRequest","","","POST /Subscriptions/request — random email","
    POST /Subscriptions/request  (public, no auth required)
    "
"passed","Mon May 04 23:43:14 UTC 2026","Mon May 04 23:43:17 UTC 2026","2123","tests.api.cards","test_card_link_metrics","TestCardLinkMetrics","","","POST /Cards -> PUT metrics -> GET /Cards/{cardLinkId}/cardLink/metrics -> DELETE /Cards/{id}","
    /Cards/{id}/cardLink/metrics
    "
"passed","Mon May 04 23:45:02 UTC 2026","Mon May 04 23:45:02 UTC 2026","530","tests.api.companies","test_companies_create_get_delete_flow_api","TestCompanyCreateGetDeleteFlow","","","POST /Companies -> GET /Companies/{id} -> DELETE /Companies/{id}","
    /Companies
    "
"passed","Mon May 04 23:43:59 UTC 2026","Mon May 04 23:44:05 UTC 2026","5370","tests.api.cards","test_cards_attachments_sortorder_flow","TestCardsAttachmentsSortOrderFlow","","","POST /Cards -> PUT /Cards/{id}/V2 gallery -> GET/PUT /Cards/{id}/attachments/sortorder","
    /Cards/{cardID}/attachments/sortorder
    "
"passed","Mon May 04 23:47:23 UTC 2026","Mon May 04 23:47:24 UTC 2026","498","tests.api.locations","test_location_by_id","TestLocationById","","","GET /Locations/{id} returns location data","
    /Locations/{id}
    "
"passed","Mon May 04 23:44:47 UTC 2026","Mon May 04 23:44:48 UTC 2026","693","tests.api.cards","test_cards_list","TestCardsList","","","GET /Cards/v2.0 returns cards list","
    Проверки списков /Cards и /Cards/v2.0.
    "
"passed","Mon May 04 23:43:35 UTC 2026","Mon May 04 23:43:36 UTC 2026","1134","tests.api.cards","test_cardlinks_download_v2","TestCardLinksDownloadV2","","","POST /Cards -> GET /cardLinks/{cardLink}/card/download/V2 -> DELETE /Cards/{id}","
    /cardLinks/{cardLink}/card/download/V2
    "
"passed","Mon May 04 23:45:04 UTC 2026","Mon May 04 23:45:05 UTC 2026","1558","tests.api.companies","test_companies_create_update_get_delete_flow_api","TestCompanyCreateUpdateGetDeleteFlow","","","POST /Companies -> PUT /Companies/{id} -> GET /Companies/{id} -> DELETE /Companies/{id}","
    /Companies
    "
"passed","Mon May 04 23:47:18 UTC 2026","Mon May 04 23:47:20 UTC 2026","2054","tests.api.contacts","test_contacts_flow","TestContactsFlow","","","Create -> Get -> Update -> Delete contact",""
"passed","Mon May 04 23:41:47 UTC 2026","Mon May 04 23:41:48 UTC 2026","656","tests.api.accounts","test_accounts_accept_user_terms","TestAccountsAcceptUserTerms","","","PUT /accounts/this/acceptUserTerms accepts terms","
    /accounts/this/acceptUserTerms
    "
"passed","Mon May 04 23:43:52 UTC 2026","Mon May 04 23:43:53 UTC 2026","1143","tests.api.cards","test_cardlinks_unassign","TestCardLinksUnassign","","","POST /Cards -> PUT /cardlinks/{cardLink}/unassign -> DELETE /Cards/{id}","Unassign cardlink returned 403 Forbidden — operation is not permitted for this account. This is accepted behaviour after recent API changes."
"passed","Mon May 04 23:44:58 UTC 2026","Mon May 04 23:44:59 UTC 2026","1245","tests.api.cards","test_cards_update_v2_flow","TestCardsUpdateV2Flow","","","POST /Cards -> PUT /Cards/{id}/V2 -> GET /Cards/{id}/V2 -> DELETE /Cards/{id}","
    /Cards/{id}/V2
    "
"passed","Mon May 04 23:47:21 UTC 2026","Mon May 04 23:47:23 UTC 2026","1403","tests.api.exports","test_exports_statistic","TestExportsStatistic","","","GET /Exports returns 200","
    /Exports
    "
"passed","Mon May 04 23:44:54 UTC 2026","Mon May 04 23:44:55 UTC 2026","1260","tests.api.cards","test_cards_update_flow","TestCardsUpdateFlow","","","POST /Cards -> PUT /Cards/{id} -> GET /Cards/{id} -> DELETE /Cards/{id}","
    /Cards
    "
"passed","Mon May 04 23:42:29 UTC 2026","Mon May 04 23:42:30 UTC 2026","516","tests.api.attribute_forms","test_attribute_forms_list","TestAttributeFormsList","","","GET /AttributeForms returns forms list","
    /AttributeForms
    "
"passed","Mon May 04 23:45:00 UTC 2026","Mon May 04 23:45:01 UTC 2026","497","tests.api.client_tokens","test_client_tokens_get","TestClientTokensGet","","","GET /clientTokens returns current client token","
    /clientTokens
    "
"passed","Mon May 04 23:47:23 UTC 2026","Mon May 04 23:47:23 UTC 2026","491","tests.api.leadgen","test_leadgen_form_fields","TestLeadGenFormFields","","","GET /LeadGenFormFields returns fields list","
    /LeadGenFormFields
    "
"passed","Mon May 04 23:43:02 UTC 2026","Mon May 04 23:43:03 UTC 2026","1075","tests.api.cards","test_card_link_attribute_attachments","TestCardLinkAttributeAttachments","","","GET /Accounts/{id}/Cards/links -> GET /cards/{token}/cardLink/attributes/attachments","
    GET /cards/{token}/cardLink/attributes/attachments
    "
"passed","Mon May 04 23:43:37 UTC 2026","Mon May 04 23:43:41 UTC 2026","3869","tests.api.cards","test_cardlinks_list","TestCardLinksList","","","GET /Cards -> GET /cardLinks?accountUriName=...","
    /cardLinks?accountUriName=...
    "
"passed","Mon May 04 23:42:04 UTC 2026","Mon May 04 23:42:10 UTC 2026","5469","tests.api.accounts","test_accounts_card_leadgen_forms_custom_message_template","TestAccountsCardLeadGenFormsCustomMessageTemplate","","","PUT leadGenForm with CustomMessageTemplateID -> GET MessageTemplate","
    /Accounts/{accountID}/Cards/{cardID}/leadGenForms
    "
"passed","Mon May 04 23:42:27 UTC 2026","Mon May 04 23:42:27 UTC 2026","507","tests.api.accounts","test_accounts_subscription_hadpremium","TestAccountsSubscriptionHadPremium","","","GET /accounts/subscription/hadpremium returns boolean flag","
    /accounts/subscription/hadpremium
    "
"passed","Mon May 04 23:42:33 UTC 2026","Mon May 04 23:42:36 UTC 2026","3645","tests.api.cards","test_card_attribute_attachment_upload","TestCardAttributeAttachmentUpload","","","POST card -> PUT attrs -> GET attrs -> PUT /cards/{id}/upload/fromForm -> DELETE","
    PUT /cards/{id}/upload/fromForm
    "
"passed","Mon May 04 23:42:31 UTC 2026","Mon May 04 23:42:32 UTC 2026","493","tests.api.attributes","test_attribute_by_id","TestAttributeById","","","GET /Attributes/{id} without auth → 401/403","
    /Attributes/{attributeID}
    "
"passed","Mon May 04 23:44:49 UTC 2026","Mon May 04 23:44:52 UTC 2026","2779","tests.api.cards","test_cards_show_hide_flow","TestCardsShowHideFlow","","","POST /Cards -> PUT /Cards/hide -> GET /Cards/{id} -> PUT /Cards/show -> GET /Cards/{id}","
    /Cards/hide и /Cards/show
    "
"passed","Mon May 04 23:41:41 UTC 2026","Mon May 04 23:41:42 UTC 2026","704","tests.api.account_actions","test_account_actions_smoke","TestAccountActionsSmoke","","","011 WebAccountVerification smoke — random push_token → not 5xx",""
"passed","Mon May 04 23:42:12 UTC 2026","Mon May 04 23:42:15 UTC 2026","2203","tests.api.accounts","test_accounts_card_metrics","TestAccountsCardMetrics","","","POST /Cards -> PUT /Cards/{id}/metrics -> GET /Accounts/{accountID}/Cards/{cardID}/metrics","
    /Accounts/{accountID}/Cards/{cardID}/metrics
    "
"passed","Mon May 04 23:43:44 UTC 2026","Mon May 04 23:43:46 UTC 2026","1797","tests.api.cards","test_cardlinks_statistic","TestCardLinksStatistic","","","GET /cardlinks/statistic returns list","
    /cardlinks/statistic
    "
"passed","Mon May 04 23:42:43 UTC 2026","Mon May 04 23:42:45 UTC 2026","1579","tests.api.cards","test_card_leadgen_form_by_id","TestCardLeadGenFormById","","","POST /Cards -> POST leadGenForm -> GET /Cards/{cardID}/leadGenForms/{leadGenFormID} -> DELETE leadGenForm -> DELETE /Cards/{id}","
    /Cards/{cardID}/leadGenForms/{leadGenFormID}
    "
"passed","Mon May 04 23:47:26 UTC 2026","Mon May 04 23:47:28 UTC 2026","1767","tests.api.proxy","test_proxy_card_cardlink","TestProxyCardCardLink","","","GET /Accounts/{id}/Cards/links -> GET /proxy/card/cardlink/{token}","
    GET /proxy/card/cardlink/{token}
    "
"passed","Mon May 04 23:42:25 UTC 2026","Mon May 04 23:42:26 UTC 2026","701","tests.api.accounts","test_accounts_get","TestAccountsGet","","","GET /accounts/{id} returns account data","
    /accounts/{id}
    "
"passed","Mon May 04 23:43:42 UTC 2026","Mon May 04 23:43:43 UTC 2026","1119","tests.api.cards","test_cardlinks_short_card","TestCardLinksShortCard","","","POST /Cards -> GET /cardLinks/{cardLink}/short/card -> DELETE /Cards/{id}","
    /cardLinks/{cardLink}/short/card
    "
"passed","Mon May 04 23:43:55 UTC 2026","Mon May 04 23:43:57 UTC 2026","1582","tests.api.cards","test_cardlinks_update","TestCardLinksUpdate","","","POST /Cards -> PUT /cardlinks/{cardLink} -> GET /cardlinks/{cardLink} -> DELETE /Cards/{id}","
    /cardlinks/{cardLink}
    "
"passed","Mon May 04 23:45:07 UTC 2026","Mon May 04 23:45:08 UTC 2026","1041","tests.api.companies","test_companies_designsettings_flow_api","TestCompanyDesignsettingsFlow","","","POST /Companies -> PUT designsettings -> GET designsettings -> DELETE /Companies/{id}","
    /Companies/{companyID}/designsettings
    "
"passed","Mon May 04 23:47:26 UTC 2026","Mon May 04 23:47:26 UTC 2026","484","tests.api.powerbi_reports","test_powerbi_reports_list","TestPowerBIReportsList","","","GET /powerbireports/ without auth -> 401/403","
    GET /powerbireports/
    "
"passed","Mon May 04 23:42:30 UTC 2026","Mon May 04 23:42:30 UTC 2026","501","tests.api.attribute_type_groups","test_attribute_type_groups_list","TestAttributeTypeGroupsList","","","GET /AttributeTypeGroups returns dictionary","
    /AttributeTypeGroups
    "
"passed","Mon May 04 23:47:31 UTC 2026","Mon May 04 23:47:31 UTC 2026","492","tests.api.virtual_backgrounds","test_virtual_backgrounds","TestVirtualBackgrounds","","","GET /VirtualBackgrounds returns backgrounds list","
    /VirtualBackgrounds
    "
"passed","Mon May 04 23:47:30 UTC 2026","Mon May 04 23:47:31 UTC 2026","492","tests.api.supported_versions","test_supported_versions_ios","TestSupportedVersionsIos","","","GET /SupportedVersions/ios returns supported versions","
    /SupportedVersions/ios
    "
"passed","Mon May 04 23:42:50 UTC 2026","Mon May 04 23:42:52 UTC 2026","1565","tests.api.cards","test_card_leadgen_forms_crud_flow","TestCardLeadGenFormsCrudFlow","","","POST /Cards -> POST leadGenForm -> GET leadGenForms -> DELETE leadGenForm -> DELETE /Cards/{id}","
    /Cards/{cardID}/leadGenForms
    "
"passed","Mon May 04 23:47:34 UTC 2026","Mon May 04 23:47:34 UTC 2026","801","tests.e2e.company","test_company_create_get_delete_flow","TestCompanyCreateGetDeleteFlow","","","POST /Companies → GET /Companies (in list) → DELETE /Companies/{id}","/Companies — create, get list, delete flow"
"passed","Mon May 04 23:44:33 UTC 2026","Mon May 04 23:44:33 UTC 2026","545","tests.api.cards","test_cards_customlink","TestCardsCustomLink","","","GET /Cards/customlink returns custom links list","
    /Cards/customlink
    "
"passed","Mon May 04 23:47:20 UTC 2026","Mon May 04 23:47:21 UTC 2026","493","tests.api.cultures","test_cultures_list","TestCulturesList","","","GET /Cultures returns cultures list","
    /Cultures
    "
"passed","Mon May 04 23:42:27 UTC 2026","Mon May 04 23:42:28 UTC 2026","499","tests.api.accounts","test_get_contact_by_id","","","","GET /accounts/contacts/{contactID}","
    /accounts/contacts/{contactID}
    "
"passed","Mon May 04 23:41:39 UTC 2026","Mon May 04 23:41:40 UTC 2026","912","tests.api.account_actions","test_account_actions_smoke","TestAccountActionsSmoke","","","012 MobileAccountVerification smoke",""
"passed","Mon May 04 23:41:45 UTC 2026","Mon May 04 23:41:46 UTC 2026","1164","tests.api.account_tokens","test_account_tokens_delete","TestAccountTokensDelete","","","POST /accounttokens/ -> DELETE /accounttokens/{token}","
    POST /accounttokens/ -> DELETE /accounttokens/{token}
    "
"passed","Mon May 04 23:43:24 UTC 2026","Mon May 04 23:43:25 UTC 2026","1189","tests.api.cards","test_cardlinks_card","TestCardLinksCard","","","POST /Cards -> GET /cardLinks/{cardLink}/card -> DELETE /Cards/{id}","
    /cardLinks/{cardLink}/card
    "
"passed","Mon May 04 23:41:46 UTC 2026","Mon May 04 23:41:47 UTC 2026","1162","tests.api.account_tokens","test_account_tokens_get","TestAccountTokensGet","","","POST /accounttokens/ -> GET /accounttokens/{token} -> 200","
    POST /accounttokens/ -> GET /accounttokens/{token}
    "
"passed","Mon May 04 23:46:15 UTC 2026","Mon May 04 23:46:15 UTC 2026","500","tests.api.contacts","test_contacts_downloads","TestContactsDownloads","","","GET /accounts/contacts/{contact_id}/download returns VCF",""
"passed","Mon May 04 23:42:28 UTC 2026","Mon May 04 23:42:29 UTC 2026","1339","tests.api.attachments","test_attachments_flow","TestAttachments","","","POST /Attachments -> DELETE /Attachments/{id}","
    Проверки Attachments API с изображениями, сгенерированными в коде.
    "
"passed","Mon May 04 23:44:44 UTC 2026","Mon May 04 23:44:45 UTC 2026","598","tests.api.cards","test_cards_download_by_id_v2_flow","TestCardsDownloadByIdV2","","","POST /Cards -> GET /Cards/{id}/download/V2 -> DELETE /Cards/{id}","
    /Cards/{id}/download/V2
    "
"passed","Mon May 04 23:41:44 UTC 2026","Mon May 04 23:41:45 UTC 2026","667","tests.api.account_tokens","test_account_tokens_add","TestAccountTokensAdd","","","POST /accounttokens/ -> 201 Created","
    POST /accounttokens/
    "
"passed","Mon May 04 23:43:19 UTC 2026","Mon May 04 23:43:20 UTC 2026","517","tests.api.cards","test_card_metrics","TestCardMetrics","","","POST /Cards -> GET /Cards/{id}/metrics -> DELETE /Cards/{id}","
    /Cards/{cardID}/metrics
    "
"passed","Mon May 04 23:42:47 UTC 2026","Mon May 04 23:42:48 UTC 2026","498","tests.api.cards","test_card_leadgen_forms","TestCardLeadGenForms","","","POST /Cards -> GET /Cards/{id}/leadGenForms -> DELETE /Cards/{id}","
    /Cards/{cardID}/leadGenForms
    "
"passed","Mon May 04 23:47:46 UTC 2026","Mon May 04 23:47:53 UTC 2026","7241","tests.e2e.employee","test_employee_invitation_add_moveincompany_delete_flow","TestEmployeeInvitationAddMoveInCompanyDeleteFlow","","","POST invitations x4 → list → PATCH move → list in target → DELETE → absent in target","/Employee — create 4 via invitation, verify, move to target company, verify, delete flow"
"passed","Mon May 04 23:47:39 UTC 2026","Mon May 04 23:47:46 UTC 2026","6523","tests.e2e.employee","test_employee_invitation_add_copyincompany_delete_flow","TestEmployeeInvitationAddCopyInCompanyDeleteFlow","","","POST invitations x4 → list → copy cards → list in target → DELETE → absent in target","/Employee — create 4 via invitation, verify, copy cards to target company, verify, delete flow"
"passed","Mon May 04 23:47:24 UTC 2026","Mon May 04 23:47:24 UTC 2026","503","tests.api.locations","test_locations_list","TestLocationsList","","","GET /Locations with locationID returns location map","
    /Locations?locationID=1
    "
"passed","Mon May 04 23:45:11 UTC 2026","Mon May 04 23:45:11 UTC 2026","522","tests.api.contacts","test_contacts_downloads","TestContactsDownloads","","","GET /accounts/contacts/download returns CSV",""
"passed","Mon May 04 23:41:42 UTC 2026","Mon May 04 23:41:43 UTC 2026","622","tests.api.account_actions","test_account_actions_smoke","TestAccountActionsSmoke","","","013 SubscriptionInvitation smoke — random push_token → not 5xx",""
"passed","Mon May 04 23:47:24 UTC 2026","Mon May 04 23:47:25 UTC 2026","491","tests.api.metrics","test_metric_types","TestMetricTypes","","","GET /MetricTypes returns metric types list","
    /MetricTypes
    "
"passed","Mon May 04 23:47:34 UTC 2026","Mon May 04 23:47:37 UTC 2026","3036","tests.e2e.company","test_company_create_withlogoandcolor_get_delete_flow","TestCompanyCreateWithLogoAndColorFlow","","","POST /Companies → list → upload logo → update → GET → upload bg → designsettings → GET → DELETE","/Companies — create, upload logo + background, set design, delete flow"
"passed","Mon May 04 23:44:07 UTC 2026","Mon May 04 23:44:08 UTC 2026","590","tests.api.cards","test_cards_by_id_short_flow","TestCardsByIdShort","","","POST /Cards -> GET /Cards/{id}/short -> DELETE /Cards/{id}","
    /Cards/{id}/short
    "
"passed","Mon May 04 23:43:05 UTC 2026","Mon May 04 23:43:08 UTC 2026","2141","tests.api.cards","test_card_link_leadgen_form_by_id","TestCardLinkLeadGenFormById","","","POST leadGenForm -> GET /Cards/{cardLinkId}/cardLink/leadGenForms/{formId} -> DELETE","
    GET /Cards/{cardLinkId}/cardLink/leadGenForms/{formId}
    "
"passed","Mon May 04 23:42:16 UTC 2026","Mon May 04 23:42:17 UTC 2026","642","tests.api.accounts","test_accounts_contacts","TestAccountsContacts","","","GET /accounts/contacts → 200/206, validate response structure","
    /accounts/contacts
    "
"passed","Mon May 04 23:41:57 UTC 2026","Mon May 04 23:42:02 UTC 2026","4549","tests.api.accounts","test_accounts_card_leadgen_forms","TestAccountsCardLeadGenForms","","","POST /Cards -> POST /Accounts/{accountID}/Cards/{cardID}/leadGenForms -> GET list -> GET by id","
    /Accounts/{accountID}/Cards/{cardID}/leadGenForms
    "
"passed","Mon May 04 23:42:26 UTC 2026","Mon May 04 23:42:27 UTC 2026","639","tests.api.accounts","test_accounts_list","TestAccountsList","","","GET /accounts returns list of accounts","
    /accounts
    "
"passed","Mon May 04 23:43:03 UTC 2026","Mon May 04 23:43:04 UTC 2026","1096","tests.api.cards","test_card_link_attributes","TestCardLinkAttributes","","","GET /Accounts/{id}/Cards/links -> GET /cards/{token}/cardLink/attributes","
    GET /cards/{token}/cardLink/attributes
    "
"passed","Mon May 04 23:42:25 UTC 2026","Mon May 04 23:42:25 UTC 2026","505","tests.api.accounts","test_accounts_exists","TestAccountsExists","","","Exists returns true for known email","
    /accounts/Exists
    "
"passed","Mon May 04 23:47:30 UTC 2026","Mon May 04 23:47:30 UTC 2026","488","tests.api.supported_versions","test_supported_versions_android","TestSupportedVersionsAndroid","","","GET /SupportedVersions/android returns supported version","
    /SupportedVersions/android
    "
"passed","Mon May 04 23:42:40 UTC 2026","Mon May 04 23:42:41 UTC 2026","519","tests.api.cards","test_card_attributes_list","TestCardAttributesList","","","GET /cards/{id}/attributes/","
    GET /cards/{id}/attributes/
    "
"passed","Mon May 04 23:47:31 UTC 2026","Mon May 04 23:47:34 UTC 2026","2067","tests.e2e.company","test_company_create_and_edit_get_delete_flow","TestCompanyCreateEditDeleteFlow","","","POST /Companies → GET → PUT → GET → DELETE","/Companies — create, edit, get, delete flow"
"passed","Mon May 04 23:42:19 UTC 2026","Mon May 04 23:42:23 UTC 2026","4451","tests.api.accounts","test_accounts_custom_message_templates","TestAccountsCustomMessageTemplates","","","POST /Cards -> POST template -> GET list -> GET by id -> PUT -> DELETE template","
    /Accounts/{accountID}/CustomMessageTemplates
    "
"passed","Mon May 04 23:41:53 UTC 2026","Mon May 04 23:41:54 UTC 2026","1064","tests.api.accounts","test_accounts_card_get","TestAccountsCardGet","","","POST /Cards -> GET /Accounts/{accountID}/Cards/{cardID}","
    /Accounts/{accountID}/Cards/{cardID}
    /Accounts/{accountID}/Cards/{cardID}/V2
    "
